Time (s) Auto,Angle (rad) Run #2
0,0
0.02,0
0.04,0
0.06,0
0.08,0
0.1,0
0.12,0
0.14,0
0.16,0
0.18,0
0.2,0
0.22,0
0.24,0
0.26,0
0.28,0
0.3,0
0.32,0
0.34,0
0.36,0
0.38,0
0.4,-0.01745329
0.42,-0.01745329
0.44,-0.01745329
0.46,0
0.48,0
0.5,0.03490658
0.52,0.06981316
0.54,0.12217303
0.56,0.19198619
0.58,0.27925264
0.6,0.38397238
0.62,0.48869212
0.64,0.62831844
0.66,0.76794476
0.68,0.92502437
0.7,1.09955727
0.72,1.27409017
0.74,1.48352965
0.76,1.69296913
0.78,1.9198619
0.8,2.16420796
0.82,2.42600731
0.84,2.68780666
0.86,2.9670593
0.88,3.26376523
0.9,3.57792445
0.92,3.89208367
0.94,4.22369618
0.96,4.57276198
0.98,4.92182778
1,5.28834687
1.02,5.67231925
1.04,6.05629163
1.06,6.4577173
1.08,6.85914297
1.1,7.27802193
1.12,7.71435418
1.14,8.15068643
1.16,8.58701868
1.18,9.04080422
1.2,9.51204305
1.22,9.98328188
1.24,10.45452071
1.26,10.94321283
1.28,11.43190495
1.3,11.93805036
1.32,12.44419577
1.34,12.95034118
1.36,13.45648659
1.38,13.98008529
1.4,14.50368399
1.42,15.02728269
1.44,15.56833468
1.46,16.09193338
1.48,16.63298537
1.5,17.17403736
1.52,17.71508935
1.54,18.25614134
1.56,18.79719333
1.58,19.33824532
1.6,19.8967506
1.62,20.43780259
1.64,20.97885458
1.66,21.51990657
1.68,22.06095856
1.7,22.60201055
1.72,23.14306254
1.74,23.68411453
1.76,24.22516652
1.78,24.74876522
1.8,25.27236392
1.82,25.79596262
1.84,26.31956132
1.86,26.82570673
1.88,27.33185214
1.9,27.83799755
1.92,28.34414296
1.94,28.83283508
1.96,29.3215272
1.98,29.79276603
2,30.26400486
2.02,30.7177904
2.04,31.18902923
2.06,31.62536148
2.08,32.06169373
2.1,32.49802598
2.12,32.91690494
2.14,33.31833061
2.16,33.71975628
2.18,34.12118195
2.2,34.48770104
2.22,34.87167342
2.24,35.22073922
2.26,35.56980502
2.28,35.90141753
2.3,36.23303004
2.32,36.54718926
2.34,36.84389519
2.36,37.14060112
2.38,37.41985376
2.4,37.68165311
2.42,37.92599917
2.44,38.17034523
2.46,38.37978471
2.48,38.60667748
2.5,38.79866367
2.52,38.99064986
2.54,39.14772947
2.56,39.30480908
2.58,39.4444354
2.6,39.58406172
2.62,39.68878146
2.64,39.7935012
2.66,39.88076765
2.68,39.95058081
2.7,40.00294068
2.72,40.05530055
2.74,40.07275384
2.76,40.09020713
2.78,40.09020713
2.8,40.07275384
2.82,40.05530055
2.84,40.00294068
2.86,39.95058081
2.88,39.88076765
2.9,39.7935012
2.92,39.68878146
2.94,39.58406172
2.96,39.4444354
2.98,39.30480908
3,39.16518276
3.02,38.99064986
3.04,38.81611696
3.06,38.62413077
3.08,38.41469129
3.1,38.20525181
3.12,37.97835904
3.14,37.73401298
3.16,37.48966692
3.18,37.22786757
3.2,36.94861493
3.22,36.651909
3.24,36.35520307
3.26,36.05849714
3.28,35.72688463
3.3,35.39527212
3.32,35.06365961
3.34,34.71459381
3.36,34.34807472
3.38,33.98155563
3.4,33.61503654
3.42,33.23106416
3.44,32.82963849
3.46,32.42821282
3.48,32.02678715
3.5,31.60790819
3.52,31.17157594
3.54,30.75269698
3.56,30.31636473
3.58,29.86257919
3.6,29.40879365
3.62,28.95500811
3.64,28.50122257
3.66,28.02998374
3.68,27.55874491
3.7,27.08750608
3.72,26.61626725
3.74,26.12757513
3.76,25.6563363
3.78,25.16764418
3.8,24.67895206
3.82,24.19025994
3.84,23.68411453
3.86,23.19542241
3.88,22.70673029
3.9,22.20058488
3.92,21.71189276
3.94,21.22320064
3.96,20.71705523
3.98,20.22836311
4,19.73967099
4.02,19.25097887
4.04,18.76228675
4.06,18.29104792
4.08,17.8023558
4.1,17.33111697
4.12,16.84242485
4.14,16.37118602
4.16,15.91740048
4.18,15.44616165
4.2,14.99237611
4.22,14.53859057
4.24,14.08480503
4.26,13.64847278
4.28,13.21214053
4.3,12.79326157
4.32,12.37438261
4.34,11.95550365
4.36,11.55407798
4.38,11.15265231
4.4,10.76867993
4.42,10.38470755
4.44,10.00073517
4.46,9.63421608
4.48,9.28515028
4.5,8.93608448
4.52,8.60447197
4.54,8.27285946
4.56,7.95870024
4.58,7.64454102
4.6,7.34783509
4.62,7.06858245
4.64,6.78932981
4.66,6.52753046
4.68,6.2831844
4.7,6.03883834
4.72,5.81194557
4.74,5.60250609
4.76,5.39306661
4.78,5.20108042
4.8,5.02654752
4.82,4.85201462
4.84,4.69493501
4.86,4.55530869
4.88,4.41568237
4.9,4.29350934
4.92,4.1887896
4.94,4.10152315
4.96,4.0142567
4.98,3.94444354
5,3.89208367
5.02,3.85717709
5.04,3.82227051
5.06,3.80481722
5.08,3.80481722
5.1,3.80481722
5.12,3.8397238
5.14,3.87463038
5.16,3.90953696
5.18,3.97935012
5.2,4.04916328
5.22,4.13642973
5.24,4.22369618
5.26,4.32841592
5.28,4.45058895
5.3,4.59021527
5.32,4.72984159
5.34,4.8869212
5.36,5.0614541
5.38,5.235987
5.4,5.42797319
5.42,5.63741267
5.44,5.84685215
5.46,6.07374492
5.48,6.30063769
5.5,6.54498375
5.52,6.8067831
5.54,7.06858245
5.56,7.34783509
5.58,7.62708773
5.6,7.92379366
5.62,8.22049959
5.64,8.53465881
5.66,8.86627132
5.68,9.19788383
5.7,9.52949634
5.72,9.87856214
5.74,10.22762794
5.76,10.59414703
5.78,10.96066612
5.8,11.32718521
5.82,11.71115759
5.84,12.09512997
5.86,12.49655564
5.88,12.89798131
5.9,13.29940698
5.92,13.70083265
5.94,14.11971161
5.96,14.53859057
5.98,14.95746953
6,15.39380178
6.02,15.81268074
6.04,16.24901299
6.06,16.68534524
6.08,17.12167749
6.1,17.57546303
6.12,18.01179528
6.14,18.44812753
6.16,18.90191307
6.18,19.33824532
6.2,19.79203086
6.22,20.22836311
6.24,20.68214865
6.26,21.13593419
6.28,21.57226644
6.3,22.02605198
6.32,22.46238423
6.34,22.89871648
6.36,23.33504873
6.38,23.77138098
6.4,24.20771323
6.42,24.64404548
6.44,25.06292444
6.46,25.49925669
6.48,25.91813565
6.5,26.31956132
6.52,26.73844028
6.54,27.13986595
6.56,27.54129162
6.58,27.94271729
6.6,28.32668967
6.62,28.71066205
6.64,29.07718114
6.66,29.46115352
6.68,29.82767261
6.7,30.17673841
6.72,30.52580421
6.74,30.87487001
6.76,31.20648252
6.78,31.52064174
6.8,31.83480096
6.82,32.14896018
6.84,32.44566611
6.86,32.74237204
6.88,33.02162468
6.9,33.28342403
6.92,33.54522338
6.94,33.80702273
6.96,34.05136879
6.98,34.27826156
7,34.50515433
7.02,34.71459381
7.04,34.90658
7.06,35.09856619
7.08,35.27309909
7.1,35.44763199
7.12,35.6047116
7.14,35.74433792
7.16,35.88396424
7.18,36.00613727
7.2,36.11085701
7.22,36.21557675
7.24,36.3028432
7.26,36.39010965
7.28,36.45992281
7.3,36.51228268
7.32,36.54718926
7.34,36.58209584
7.36,36.59954913
7.38,36.61700242
7.4,36.59954913
7.42,36.59954913
7.44,36.56464255
7.46,36.52973597
7.48,36.4773761
7.5,36.42501623
7.52,36.35520307
7.54,36.26793662
7.56,36.18067017
7.58,36.07595043
7.6,35.9537774
7.62,35.83160437
7.64,35.69197805
7.66,35.55235173
7.68,35.39527212
7.7,35.22073922
7.72,35.04620632
7.74,34.85422013
7.76,34.66223394
7.78,34.45279446
7.8,34.24335498
7.82,34.01646221
7.84,33.77211615
7.86,33.52777009
7.88,33.28342403
7.9,33.02162468
7.92,32.75982533
7.94,32.48057269
7.96,32.18386676
7.98,31.90461412
8,31.5904549
8.02,31.29374897
8.04,30.97958975
8.06,30.64797724
8.08,30.31636473
8.1,29.98475222
8.12,29.65313971
8.14,29.30407391
8.16,28.93755482
8.18,28.58848902
8.2,28.22196993
8.22,27.85545084
8.24,27.48893175
8.26,27.10495937
8.28,26.73844028
8.3,26.3544679
8.32,25.97049552
8.34,25.56906985
8.36,25.18509747
8.38,24.7836718
8.4,24.39969942
8.42,23.99827375
8.44,23.59684808
8.46,23.19542241
8.48,22.79399674
8.5,22.39257107
8.52,21.9911454
8.54,21.58971973
8.56,21.17084077
8.58,20.7694151
8.6,20.38544272
8.62,19.98401705
8.64,19.58259138
8.66,19.18116571
8.68,18.79719333
8.7,18.39576766
8.72,18.01179528
8.74,17.6278229
8.76,17.24385052
8.78,16.85987814
8.8,16.49335905
8.82,16.10938667
8.84,15.74286758
8.86,15.39380178
8.88,15.04473598
8.9,14.69567018
8.92,14.34660438
8.94,13.99753858
8.96,13.66592607
8.98,13.33431356
9,13.02015434
9.02,12.70599512
9.04,12.3918359
9.06,12.09512997
9.08,11.79842404
9.1,11.50171811
9.12,11.22246547
9.14,10.94321283
9.16,10.68141348
9.18,10.41961413
9.2,10.17526807
9.22,9.93092201
9.24,9.70402924
9.26,9.47713647
9.28,9.26769699
9.3,9.05825751
9.32,8.86627132
9.34,8.69173842
9.36,8.51720552
9.38,8.34267262
9.4,8.18559301
9.42,8.04596669
9.44,7.90634037
9.46,7.78416734
9.48,7.66199431
9.5,7.55727457
9.52,7.47000812
9.54,7.38274167
9.56,7.31292851
9.58,7.24311535
9.6,7.19075548
9.62,7.13839561
9.64,7.12094232
9.66,7.08603574
9.68,7.08603574
9.7,7.08603574
9.72,7.08603574
9.74,7.10348903
9.76,7.13839561
9.78,7.17330219
9.8,7.22566206
9.82,7.29547522
9.84,7.36528838
9.86,7.43510154
9.88,7.53982128
9.9,7.62708773
9.92,7.74926076
9.94,7.8539805
9.96,7.99360682
9.98,8.13323314
10,8.27285946
10.02,8.42993907
10.04,8.58701868
10.06,8.76155158
10.08,8.95353777
10.1,9.14552396
10.12,9.33751015
10.14,9.54694963
10.16,9.7738424
10.18,9.98328188
10.2,10.22762794
10.22,10.45452071
10.24,10.71632006
10.26,10.96066612
10.28,11.22246547
10.3,11.48426482
10.32,11.76351746
10.34,12.0427701
10.36,12.33947603
10.38,12.61872867
10.4,12.9154346
10.42,13.21214053
10.44,13.52629975
10.46,13.84045897
10.48,14.15461819
10.5,14.46877741
10.52,14.80038992
10.54,15.13200243
10.56,15.46361494
10.58,15.81268074
10.6,16.14429325
10.62,16.49335905
10.64,16.84242485
10.66,17.19149065
10.68,17.54055645
10.7,17.90707554
10.72,18.25614134
10.74,18.62266043
10.76,18.97172623
10.78,19.33824532
10.8,19.68731112
10.82,20.05383021
10.84,20.4203493
10.86,20.7694151
10.88,21.13593419
10.9,21.48499999
10.92,21.85151908
10.94,22.20058488
10.96,22.56710397
10.98,22.91616977
11,23.26523557
11.02,23.61430137
11.04,23.96336717
11.06,24.31243297
11.08,24.66149877
11.1,24.99311128
11.12,25.32472379
11.14,25.6563363
11.16,25.98794881
11.18,26.30210803
11.2,26.61626725
11.22,26.93042647
11.24,27.24458569
11.26,27.54129162
11.28,27.83799755
11.3,28.13470348
11.32,28.41395612
11.34,28.71066205
11.36,28.9724614
11.38,29.25171404
11.4,29.51351339
11.42,29.75785945
11.44,30.00220551
11.46,30.24655157
11.48,30.49089763
11.5,30.70033711
11.52,30.92722988
11.54,31.13666936
11.56,31.34610884
11.58,31.53809503
11.6,31.73008122
11.62,31.90461412
11.64,32.07914702
11.66,32.23622663
11.68,32.39330624
11.7,32.53293256
11.72,32.67255888
11.74,32.79473191
11.76,32.89945165
11.78,33.02162468
11.8,33.10889113
11.82,33.19615758
11.84,33.28342403
11.86,33.35323719
11.88,33.40559706
11.9,33.45795693
11.92,33.5103168
11.94,33.52777009
11.96,33.56267667
11.98,33.56267667
12,33.58012996
12.02,33.56267667
12.04,33.54522338
12.06,33.52777009
12.08,33.49286351
12.1,33.45795693
12.12,33.40559706
12.14,33.3357839
12.16,33.26597074
12.18,33.17870429
12.2,33.09143784
12.22,33.00417139
12.24,32.89945165
12.26,32.77727862
12.28,32.65510559
12.3,32.53293256
12.32,32.39330624
12.34,32.23622663
12.36,32.07914702
12.38,31.92206741
12.4,31.74753451
12.42,31.57300161
12.44,31.38101542
12.46,31.18902923
12.48,30.99704304
12.5,30.78760356
12.52,30.57816408
12.54,30.35127131
12.56,30.12437854
12.58,29.89748577
12.6,29.65313971
12.62,29.40879365
12.64,29.16444759
12.66,28.90264824
12.68,28.64084889
12.7,28.37904954
12.72,28.0997969
12.74,27.82054426
12.76,27.54129162
12.78,27.26203898
12.8,26.96533305
12.82,26.66862712
12.84,26.37192119
12.86,26.07521526
12.88,25.77850933
12.9,25.46435011
12.92,25.16764418
12.94,24.85348496
12.96,24.53932574
12.98,24.22516652
13,23.9110073
13.02,23.57939479
13.04,23.26523557
13.06,22.95107635
13.08,22.61946384
13.1,22.30530462
13.12,21.97369211
13.14,21.65953289
13.16,21.32792038
13.18,21.01376116
13.2,20.68214865
13.22,20.36798943
13.24,20.03637692
13.26,19.7222177
13.28,19.40805848
13.3,19.09389926
13.32,18.77974004
13.34,18.46558082
13.36,18.16887489
13.38,17.85471567
13.4,17.55800974
13.42,17.26130381
13.44,16.96459788
13.46,16.66789195
13.48,16.37118602
13.5,16.09193338
13.52,15.81268074
13.54,15.5334281
13.56,15.25417546
13.58,14.99237611
13.6,14.73057676
13.62,14.46877741
13.64,14.22443135
13.66,13.98008529
13.68,13.73573923
13.7,13.50884646
13.72,13.28195369
13.74,13.05506092
13.76,12.84562144
13.78,12.63618196
13.8,12.42674248
13.82,12.23475629
13.84,12.0427701
13.86,11.8682372
13.88,11.6937043
13.9,11.5191714
13.92,11.36209179
13.94,11.20501218
13.96,11.06538586
13.98,10.92575954
14,10.80358651
14.02,10.68141348
14.04,10.55924045
14.06,10.45452071
14.08,10.36725426
14.1,10.27998781
14.12,10.19272136
14.14,10.1229082
14.16,10.05309504
14.18,10.00073517
14.2,9.9483753
14.22,9.91346872
14.24,9.87856214
14.26,9.86110885
14.28,9.84365556
14.3,9.84365556
14.32,9.84365556
14.34,9.86110885
14.36,9.87856214
14.38,9.89601543
14.4,9.9483753
14.42,9.98328188
14.44,10.03564175
14.46,10.08800162
14.48,10.15781478
14.5,10.24508123
14.52,10.31489439
14.54,10.41961413
14.56,10.50688058
14.58,10.61160032
14.6,10.73377335
14.62,10.85594638
14.64,10.97811941
14.66,11.11774573
14.68,11.25737205
14.7,11.41445166
14.72,11.57153127
14.74,11.72861088
14.76,11.90314378
14.78,12.07767668
14.8,12.25220958
14.82,12.44419577
14.84,12.63618196
14.86,12.84562144
14.88,13.05506092
14.9,13.2645004
14.92,13.47393988
14.94,13.70083265
14.96,13.92772542
14.98,14.15461819
15,14.38151096
15.02,14.62585702
15.04,14.87020308
15.06,15.11454914
15.08,15.37634849
15.1,15.63814784
15.12,15.8824939
15.14,16.16174654
15.16,16.42354589
15.18,16.68534524
15.2,16.96459788
15.22,17.24385052
15.24,17.50564987
15.26,17.78490251
15.28,18.06415515
15.3,18.36086108
15.32,18.64011372
15.34,18.91936636
15.36,19.21607229
15.38,19.49532493
15.4,19.77457757
15.42,20.0712835
15.44,20.35053614
15.46,20.64724207
15.48,20.92649471
15.5,21.22320064
15.52,21.50245328
15.54,21.78170592
15.56,22.07841185
15.58,22.35766449
15.6,22.63691713
15.62,22.91616977
15.64,23.19542241
15.66,23.47467505
15.68,23.75392769
15.7,24.01572704
15.72,24.29497968
15.74,24.55677903
15.76,24.81857838
15.78,25.08037773
15.8,25.32472379
15.82,25.58652314
15.84,25.8308692
15.86,26.07521526
15.88,26.31956132
15.9,26.54645409
15.92,26.77334686
15.94,27.00023963
15.96,27.2271324
15.98,27.43657188
16,27.64601136
16.02,27.85545084
16.04,28.04743703
16.06,28.25687651
16.08,28.43140941
16.1,28.6233956
16.12,28.7979285
16.14,28.9724614
16.16,29.12954101
16.18,29.28662062
16.2,29.44370023
16.22,29.58332655
16.24,29.72295287
16.26,29.86257919
16.28,29.98475222
16.3,30.08947196
16.32,30.21164499
16.34,30.31636473
16.36,30.40363118
16.38,30.50835092
16.4,30.57816408
16.42,30.66543053
16.44,30.73524369
16.46,30.78760356
16.48,30.83996343
16.5,30.8923233
16.52,30.92722988
16.54,30.96213646
16.56,30.97958975
16.58,30.99704304
16.6,31.01449633
16.62,31.01449633
16.64,31.01449633
16.66,30.99704304
16.68,30.97958975
16.7,30.94468317
16.72,30.90977659
16.74,30.87487001
16.76,30.82251014
16.78,30.77015027
16.8,30.70033711
16.82,30.64797724
16.84,30.56071079
16.86,30.47344434
16.88,30.38617789
16.9,30.29891144
16.92,30.1941917
16.94,30.08947196
16.96,29.96729893
16.98,29.8451259
17,29.72295287
17.02,29.58332655
17.04,29.44370023
17.06,29.30407391
17.08,29.1469943
17.1,28.98991469
17.12,28.83283508
17.14,28.65830218
17.16,28.48376928
17.18,28.30923638
17.2,28.13470348
17.22,27.94271729
17.24,27.7507311
17.26,27.55874491
17.28,27.34930543
17.3,27.13986595
17.32,26.93042647
17.34,26.72098699
17.36,26.51154751
17.38,26.28465474
17.4,26.05776197
17.42,25.8308692
17.44,25.60397643
17.46,25.35963037
17.48,25.1327376
17.5,24.88839154
17.52,24.64404548
17.54,24.39969942
17.56,24.15535336
17.58,23.9110073
17.6,23.66666124
17.62,23.40486189
17.64,23.16051583
17.66,22.89871648
17.68,22.65437042
17.7,22.39257107
17.72,22.13077172
17.74,21.88642566
17.76,21.62462631
17.78,21.36282696
17.8,21.1184809
17.82,20.85668155
17.84,20.61233549
17.86,20.35053614
17.88,20.10619008
17.9,19.84439073
17.92,19.60004467
17.94,19.35569861
17.96,19.11135255
17.98,18.86700649
18,18.62266043
18.02,18.37831437
18.04,18.1514216
18.06,17.90707554
18.08,17.68018277
18.1,17.45329
18.12,17.22639723
18.14,16.99950446
18.16,16.79006498
18.18,16.56317221
18.2,16.35373273
18.22,16.14429325
18.24,15.93485377
18.26,15.74286758
18.28,15.55088139
18.3,15.3588952
18.32,15.16690901
18.34,14.99237611
18.36,14.81784321
18.38,14.64331031
18.4,14.46877741
18.42,14.3116978
18.44,14.15461819
18.46,14.01499187
18.48,13.85791226
18.5,13.71828594
18.52,13.59611291
18.54,13.45648659
18.56,13.33431356
18.58,13.22959382
18.6,13.12487408
18.62,13.02015434
18.64,12.9154346
18.66,12.82816815
18.68,12.7409017
18.7,12.67108854
18.72,12.60127538
18.74,12.53146222
18.76,12.47910235
18.78,12.42674248
18.8,12.37438261
18.82,12.33947603
18.84,12.30456945
18.86,12.28711616
18.88,12.26966287
18.9,12.25220958
18.92,12.25220958
18.94,12.25220958
18.96,12.25220958
18.98,12.26966287
19,12.28711616
19.02,12.32202274
19.04,12.35692932
19.06,12.3918359
19.08,12.44419577
19.1,12.49655564
19.12,12.54891551
19.14,12.61872867
19.16,12.68854183
19.18,12.75835499
19.2,12.84562144
19.22,12.93288789
19.24,13.03760763
19.26,13.12487408
19.28,13.24704711
19.3,13.35176685
19.32,13.47393988
19.34,13.59611291
19.36,13.71828594
19.38,13.84045897
19.4,13.98008529
19.42,14.11971161
19.44,14.27679122
19.46,14.41641754
19.48,14.57349715
19.5,14.74803005
19.52,14.90510966
19.54,15.07964256
19.56,15.25417546
19.58,15.42870836
19.6,15.60324126
19.62,15.79522745
19.64,15.96976035
19.66,16.16174654
19.68,16.35373273
19.7,16.56317221
19.72,16.7551584
19.74,16.96459788
19.76,17.17403736
19.78,17.38347684
19.8,17.59291632
19.82,17.8023558
19.84,18.01179528
19.86,18.22123476
19.88,18.44812753
19.9,18.65756701
19.92,18.88445978
19.94,19.11135255
19.96,19.32079203
19.98,19.5476848
20,19.77457757
20.02,20.00147034
20.04,20.22836311
20.06,20.45525588
20.08,20.66469536
20.1,20.89158813
20.12,21.1184809
20.14,21.34537367
20.16,21.57226644
20.18,21.78170592
20.2,22.00859869
20.22,22.23549146
20.24,22.44493094
20.26,22.67182371
20.28,22.88126319
20.3,23.09070267
20.32,23.30014215
20.34,23.50958163
20.36,23.71902111
20.38,23.92846059
20.4,24.13790007
20.42,24.32988626
20.44,24.52187245
20.46,24.73131193
20.48,24.92329812
20.5,25.09783102
20.52,25.28981721
20.54,25.46435011
20.56,25.63888301
20.58,25.81341591
20.6,25.98794881
20.62,26.14502842
20.64,26.30210803
20.66,26.45918764
20.68,26.61626725
20.7,26.77334686
20.72,26.91297318
20.74,27.0525995
20.76,27.17477253
20.78,27.31439885
20.8,27.43657188
20.82,27.54129162
20.84,27.66346465
20.86,27.76818439
20.88,27.87290413
20.9,27.96017058
20.92,28.06489032
20.94,28.15215677
20.96,28.22196993
20.98,28.29178309
21,28.36159625
21.02,28.43140941
21.04,28.48376928
21.06,28.53612915
21.08,28.58848902
21.1,28.6233956
21.12,28.65830218
21.14,28.69320876
21.16,28.71066205
21.18,28.72811534
21.2,28.74556863
21.22,28.74556863
21.24,28.74556863
21.26,28.74556863
21.28,28.72811534
21.3,28.71066205
21.32,28.69320876
21.34,28.65830218
21.36,28.6233956
21.38,28.58848902
21.4,28.53612915
21.42,28.48376928
21.44,28.43140941
21.46,28.36159625
21.48,28.30923638
21.5,28.23942322
21.52,28.15215677
21.54,28.06489032
21.56,27.97762387
21.58,27.89035742
21.6,27.80309097
21.62,27.69837123
21.64,27.59365149
21.66,27.47147846
21.68,27.36675872
21.7,27.24458569
21.72,27.12241266
21.74,26.98278634
21.76,26.86061331
21.78,26.72098699
21.8,26.58136067
21.82,26.44173435
21.84,26.28465474
21.86,26.14502842
21.88,25.98794881
21.9,25.8308692
21.92,25.67378959
21.94,25.49925669
21.96,25.34217708
21.98,25.16764418
22,24.99311128
22.02,24.81857838
22.04,24.64404548
22.06,24.46951258
22.08,24.27752639
22.1,24.10299349
22.12,23.9110073
22.14,23.71902111
22.16,23.52703492
22.18,23.35250202
22.2,23.16051583
22.22,22.95107635
22.24,22.75909016
22.26,22.56710397
22.28,22.37511778
22.3,22.18313159
22.32,21.97369211
22.34,21.78170592
22.36,21.58971973
22.38,21.39773354
22.4,21.18829406
22.42,20.99630787
22.44,20.80432168
22.46,20.61233549
22.48,20.4203493
22.5,20.22836311
22.52,20.03637692
22.54,19.84439073
22.56,19.65240454
22.58,19.46041835
22.6,19.28588545
22.62,19.09389926
22.64,18.91936636
22.66,18.72738017
22.68,18.55284727
22.7,18.37831437
22.72,18.20378147
22.74,18.02924857
22.76,17.87216896
22.78,17.69763606
22.8,17.54055645
22.82,17.38347684
22.84,17.22639723
22.86,17.06931762
22.88,16.91223801
22.9,16.77261169
22.92,16.61553208
22.94,16.47590576
22.96,16.35373273
22.98,16.21410641
23,16.09193338
23.02,15.95230706
23.04,15.84758732
23.06,15.72541429
23.08,15.60324126
23.1,15.49852152
23.12,15.39380178
23.14,15.30653533
23.16,15.20181559
23.18,15.11454914
23.2,15.02728269
23.22,14.95746953
23.24,14.87020308
23.26,14.80038992
23.28,14.73057676
23.3,14.67821689
23.32,14.62585702
23.34,14.57349715
23.36,14.52113728
23.38,14.4862307
23.4,14.45132412
23.42,14.41641754
23.44,14.39896425
23.46,14.36405767
23.48,14.36405767
23.5,14.34660438
23.52,14.34660438
23.54,14.34660438
23.56,14.34660438
23.58,14.34660438
23.6,14.36405767
23.62,14.38151096
23.64,14.41641754
23.66,14.43387083
23.68,14.46877741
23.7,14.50368399
23.72,14.55604386
23.74,14.60840373
23.76,14.6607636
23.78,14.71312347
23.8,14.76548334
23.82,14.8352965
23.84,14.90510966
23.86,14.97492282
23.88,15.06218927
23.9,15.14945572
23.92,15.23672217
23.94,15.32398862
23.96,15.41125507
23.98,15.51597481
24,15.62069455
24.02,15.72541429
24.04,15.83013403
24.06,15.95230706
24.08,16.0570268
24.1,16.17919983
24.12,16.30137286
24.14,16.44099918
24.16,16.56317221
24.18,16.70279853
24.2,16.82497156
24.22,16.96459788
24.24,17.1042242
24.26,17.26130381
24.28,17.40093013
24.3,17.55800974
24.32,17.69763606
24.34,17.85471567
24.36,18.01179528
24.38,18.16887489
24.4,18.3259545
24.42,18.48303411
24.44,18.64011372
24.46,18.81464662
24.48,18.97172623
24.5,19.14625913
24.52,19.30333874
24.54,19.47787164
24.56,19.63495125
24.58,19.80948415
24.6,19.98401705
24.62,20.14109666
24.64,20.31562956
24.66,20.49016246
24.68,20.66469536
24.7,20.82177497
24.72,20.99630787
24.74,21.17084077
24.76,21.32792038
24.78,21.50245328
24.8,21.67698618
24.82,21.83406579
24.84,22.00859869
24.86,22.1656783
24.88,22.32275791
24.9,22.49729081
24.92,22.65437042
24.94,22.81145003
24.96,22.96852964
24.98,23.12560925
25,23.28268886
25.02,23.43976847
25.04,23.57939479
25.06,23.7364744
25.08,23.87610072
25.1,24.01572704
25.12,24.15535336
25.14,24.29497968
25.16,24.434606
25.18,24.55677903
25.2,24.69640535
25.22,24.81857838
25.24,24.94075141
25.26,25.06292444
25.28,25.18509747
25.3,25.28981721
25.32,25.39453695
25.34,25.49925669
25.36,25.60397643
25.38,25.70869617
25.4,25.81341591
25.42,25.90068236
25.44,25.98794881
25.46,26.07521526
25.48,26.14502842
25.5,26.21484158
25.52,26.30210803
25.54,26.3544679
25.56,26.42428106
25.58,26.47664093
25.6,26.5290008
25.62,26.58136067
25.64,26.63372054
25.66,26.66862712
25.68,26.7035337
25.7,26.73844028
25.72,26.77334686
25.74,26.79080015
25.76,26.80825344
25.78,26.82570673
25.8,26.84316002
25.82,26.84316002
25.84,26.84316002
25.86,26.84316002
25.88,26.82570673
25.9,26.82570673
25.92,26.80825344
25.94,26.77334686
25.96,26.75589357
25.98,26.72098699
26,26.68608041
26.02,26.65117383
26.04,26.61626725
26.06,26.56390738
26.08,26.51154751
26.1,26.45918764
26.12,26.40682777
26.14,26.33701461
26.16,26.28465474
26.18,26.21484158
26.2,26.12757513
26.22,26.05776197
26.24,25.98794881
26.26,25.90068236
26.28,25.81341591
26.3,25.72614946
26.32,25.62142972
26.34,25.53416327
26.36,25.42944353
26.38,25.32472379
26.4,25.22000405
26.42,25.11528431
26.44,25.01056457
26.46,24.88839154
26.48,24.7836718
26.5,24.66149877
26.52,24.53932574
26.54,24.41715271
26.56,24.29497968
26.58,24.17280665
26.6,24.03318033
26.62,23.9110073
26.64,23.77138098
26.66,23.63175466
26.68,23.50958163
26.7,23.36995531
26.72,23.23032899
26.74,23.09070267
26.76,22.95107635
26.78,22.79399674
26.8,22.65437042
26.82,22.5147441
26.84,22.37511778
26.86,22.21803817
26.88,22.07841185
26.9,21.93878553
26.92,21.78170592
26.94,21.6420796
26.96,21.48499999
26.98,21.34537367
27,21.20574735
27.02,21.04866774
27.04,20.90904142
27.06,20.7694151
27.08,20.61233549
27.1,20.47270917
27.12,20.33308285
27.14,20.19345653
27.16,20.05383021
27.18,19.91420389
27.2,19.77457757
27.22,19.63495125
27.24,19.49532493
27.26,19.35569861
27.28,19.23352558
27.3,19.09389926
27.32,18.97172623
27.34,18.8495532
27.36,18.70992688
27.38,18.58775385
27.4,18.46558082
27.42,18.36086108
27.44,18.23868805
27.46,18.11651502
27.48,18.01179528
27.5,17.90707554
27.52,17.8023558
27.54,17.69763606
27.56,17.59291632
27.58,17.48819658
27.6,17.40093013
27.62,17.29621039
27.64,17.20894394
27.66,17.12167749
27.68,17.05186433
27.7,16.96459788
27.72,16.89478472
27.74,16.80751827
27.76,16.73770511
27.78,16.68534524
27.8,16.61553208
27.82,16.56317221
27.84,16.49335905
27.86,16.44099918
27.88,16.4060926
27.9,16.35373273
27.92,16.31882615
27.94,16.28391957
27.96,16.24901299
27.98,16.21410641
28,16.17919983
28.02,16.16174654
28.04,16.14429325
28.06,16.12683996
28.08,16.10938667
28.1,16.10938667
28.12,16.10938667
28.14,16.10938667
28.16,16.10938667
28.18,16.10938667
28.2,16.12683996
28.22,16.14429325
28.24,16.16174654
28.26,16.17919983
28.28,16.19665312
28.3,16.2315597
28.32,16.26646628
28.34,16.30137286
28.36,16.33627944
28.38,16.37118602
28.4,16.42354589
28.42,16.45845247
28.44,16.51081234
28.46,16.56317221
28.48,16.63298537
28.5,16.68534524
28.52,16.7551584
28.54,16.82497156
28.56,16.89478472
28.58,16.96459788
28.6,17.03441104
28.62,17.12167749
28.64,17.19149065
28.66,17.2787571
28.68,17.36602355
28.7,17.45329
28.72,17.54055645
28.74,17.64527619
28.76,17.73254264
28.78,17.83726238
28.8,17.92452883
28.82,18.02924857
28.84,18.13396831
28.86,18.23868805
28.88,18.36086108
28.9,18.46558082
28.92,18.57030056
28.94,18.69247359
28.96,18.79719333
28.98,18.91936636
29,19.0240861
29.02,19.14625913
29.04,19.26843216
29.06,19.39060519
29.08,19.51277822
29.1,19.63495125
29.12,19.75712428
29.14,19.87929731
29.16,20.00147034
29.18,20.12364337
29.2,20.2458164
29.22,20.36798943
29.24,20.49016246
29.26,20.62978878
29.28,20.75196181
29.3,20.87413484
29.32,20.99630787
29.34,21.1184809
29.36,21.24065393
29.38,21.36282696
29.4,21.48499999
29.42,21.60717302
29.44,21.72934605
29.46,21.85151908
29.48,21.97369211
29.5,22.09586514
29.52,22.20058488
29.54,22.32275791
29.56,22.44493094
29.58,22.54965068
29.6,22.65437042
29.62,22.77654345
29.64,22.88126319
29.66,22.98598293
29.68,23.09070267
29.7,23.19542241
29.72,23.30014215
29.74,23.40486189
29.76,23.49212834
29.78,23.59684808
29.8,23.68411453
29.82,23.78883427
29.84,23.87610072
29.86,23.96336717
29.88,24.05063362
29.9,24.12044678
29.92,24.20771323
29.94,24.27752639
29.96,24.36479284
29.98,24.434606
30,24.50441916
30.02,24.55677903
30.04,24.62659219
30.06,24.69640535
30.08,24.74876522
30.1,24.80112509
30.12,24.85348496
30.14,24.90584483
30.16,24.94075141
30.18,24.99311128
30.2,25.02801786
30.22,25.06292444
30.24,25.09783102
30.26,25.1327376
30.28,25.16764418
30.3,25.18509747
30.32,25.20255076
30.34,25.22000405
30.36,25.23745734
30.38,25.25491063
30.4,25.25491063
30.42,25.25491063
30.44,25.25491063
30.46,25.25491063
30.48,25.25491063
30.5,25.25491063
30.52,25.23745734
30.54,25.22000405
30.56,25.20255076
30.58,25.18509747
30.6,25.16764418
30.62,25.1327376
30.64,25.11528431
30.66,25.08037773
30.68,25.04547115
30.7,25.01056457
30.72,24.97565799
30.74,24.92329812
30.76,24.88839154
30.78,24.83603167
30.8,24.7836718
30.82,24.73131193
30.84,24.67895206
30.86,24.6091389
30.88,24.55677903
30.9,24.48696587
30.92,24.434606
30.94,24.36479284
30.96,24.29497968
30.98,24.22516652
31,24.13790007
31.02,24.06808691
31.04,23.99827375
31.06,23.9110073
31.08,23.82374085
31.1,23.75392769
31.12,23.66666124
31.14,23.57939479
31.16,23.49212834
31.18,23.40486189
31.2,23.30014215
31.22,23.2128757
31.24,23.12560925
31.26,23.02088951
31.28,22.93362306
31.3,22.82890332
31.32,22.72418358
31.34,22.63691713
31.36,22.53219739
31.38,22.42747765
31.4,22.32275791
31.42,22.21803817
31.44,22.11331843
31.46,22.02605198
31.48,21.92133224
31.5,21.8166125
31.52,21.71189276
31.54,21.60717302
31.56,21.50245328
31.58,21.39773354
31.6,21.2930138
31.62,21.18829406
31.64,21.08357432
31.66,20.97885458
31.68,20.87413484
31.7,20.7694151
31.72,20.66469536
31.74,20.55997562
31.76,20.45525588
31.78,20.35053614
31.8,20.26326969
31.82,20.15854995
31.84,20.05383021
31.86,19.96656376
31.88,19.86184402
31.9,19.77457757
31.92,19.68731112
31.94,19.58259138
31.96,19.49532493
31.98,19.40805848
32,19.32079203
32.02,19.23352558
32.04,19.14625913
32.06,19.05899268
32.08,18.98917952
32.1,18.90191307
32.12,18.83209991
32.14,18.74483346
32.16,18.6750203
32.18,18.60520714
32.2,18.53539398
32.22,18.46558082
32.24,18.41322095
32.26,18.34340779
32.28,18.29104792
32.3,18.22123476
32.32,18.16887489
32.34,18.11651502
32.36,18.06415515
32.38,18.01179528
32.4,17.95943541
32.42,17.92452883
32.44,17.88962225
32.46,17.83726238
32.48,17.8023558
32.5,17.76744922
32.52,17.74999593
32.54,17.71508935
32.56,17.69763606
32.58,17.66272948
32.6,17.64527619
32.62,17.6278229
32.64,17.61036961
32.66,17.61036961
32.68,17.59291632
32.7,17.59291632
32.72,17.57546303
32.74,17.57546303
32.76,17.57546303
32.78,17.59291632
32.8,17.59291632
32.82,17.61036961
32.84,17.61036961
32.86,17.6278229
32.88,17.64527619
32.9,17.66272948
32.92,17.68018277
32.94,17.71508935
32.96,17.73254264
32.98,17.76744922
33,17.8023558
33.02,17.83726238
33.04,17.87216896
33.06,17.90707554
33.08,17.94198212
33.1,17.99434199
33.12,18.02924857
33.14,18.08160844
33.16,18.13396831
33.18,18.16887489
33.2,18.23868805
33.22,18.29104792
33.24,18.34340779
33.26,18.39576766
33.28,18.46558082
33.3,18.51794069
33.32,18.58775385
33.34,18.65756701
33.36,18.70992688
33.38,18.77974004
33.4,18.8495532
33.42,18.93681965
33.44,19.00663281
33.46,19.07644597
33.48,19.14625913
33.5,19.23352558
33.52,19.30333874
33.54,19.39060519
33.56,19.46041835
33.58,19.5476848
33.6,19.61749796
33.62,19.70476441
33.64,19.79203086
33.66,19.87929731
33.68,19.94911047
33.7,20.03637692
33.72,20.12364337
33.74,20.21090982
33.76,20.29817627
33.78,20.38544272
33.8,20.47270917
33.82,20.55997562
33.84,20.64724207
33.86,20.73450852
33.88,20.82177497
33.9,20.90904142
33.92,20.97885458
33.94,21.06612103
33.96,21.15338748
33.98,21.24065393
34,21.32792038
34.02,21.41518683
34.04,21.50245328
34.06,21.57226644
34.08,21.65953289
34.1,21.74679934
34.12,21.8166125
34.14,21.90387895
34.16,21.9911454
34.18,22.06095856
34.2,22.14822501
34.22,22.21803817
34.24,22.28785133
34.26,22.35766449
34.28,22.44493094
34.3,22.5147441
34.32,22.58455726
34.34,22.65437042
34.36,22.70673029
34.38,22.77654345
34.4,22.84635661
34.42,22.91616977
34.44,22.96852964
34.46,23.02088951
34.48,23.09070267
34.5,23.14306254
34.52,23.19542241
34.54,23.24778228
34.56,23.30014215
34.58,23.35250202
34.6,23.40486189
34.62,23.43976847
34.64,23.49212834
34.66,23.52703492
34.68,23.5619415
34.7,23.59684808
34.72,23.63175466
34.74,23.66666124
34.76,23.70156782
34.78,23.7364744
34.8,23.75392769
34.82,23.78883427
34.84,23.80628756
34.86,23.82374085
34.88,23.84119414
34.9,23.85864743
34.92,23.87610072
34.94,23.89355401
34.96,23.89355401
34.98,23.9110073
35,23.9110073
35.02,23.9110073
35.04,23.9110073
35.06,23.9110073
35.08,23.9110073
35.1,23.9110073
35.12,23.89355401
35.14,23.89355401
35.16,23.87610072
35.18,23.85864743
35.2,23.84119414
35.22,23.82374085
35.24,23.80628756
35.26,23.78883427
35.28,23.77138098
35.3,23.7364744
35.32,23.71902111
35.34,23.68411453
35.36,23.64920795
35.38,23.63175466
35.4,23.59684808
35.42,23.5619415
35.44,23.52703492
35.46,23.47467505
35.48,23.43976847
35.5,23.40486189
35.52,23.35250202
35.54,23.31759544
35.56,23.26523557
35.58,23.2128757
35.6,23.16051583
35.62,23.10815596
35.64,23.05579609
35.66,23.00343622
35.68,22.95107635
35.7,22.89871648
35.72,22.84635661
35.74,22.77654345
35.76,22.72418358
35.78,22.65437042
35.8,22.60201055
35.82,22.53219739
35.84,22.47983752
35.86,22.41002436
35.88,22.3402112
35.9,22.28785133
35.92,22.21803817
35.94,22.14822501
35.96,22.07841185
35.98,22.00859869
36,21.93878553
36.02,21.86897237
36.04,21.79915921
36.06,21.72934605
36.08,21.65953289
36.1,21.58971973
36.12,21.51990657
36.14,21.45009341
36.16,21.38028025
36.18,21.31046709
36.2,21.24065393
36.22,21.17084077
36.24,21.10102761
36.26,21.03121445
36.28,20.96140129
36.3,20.89158813
36.32,20.82177497
36.34,20.75196181
36.36,20.68214865
36.38,20.61233549
36.4,20.55997562
36.42,20.49016246
36.44,20.4203493
36.46,20.35053614
36.48,20.29817627
36.5,20.22836311
36.52,20.15854995
36.54,20.10619008
36.56,20.03637692
36.58,19.98401705
36.6,19.91420389
36.62,19.86184402
36.64,19.80948415
36.66,19.75712428
36.68,19.68731112
36.7,19.63495125
36.72,19.58259138
36.74,19.5476848
36.76,19.49532493
36.78,19.44296506
36.8,19.39060519
36.82,19.35569861
36.84,19.30333874
36.86,19.26843216
36.88,19.21607229
36.9,19.18116571
36.92,19.14625913
36.94,19.11135255
36.96,19.07644597
36.98,19.04153939
37,19.00663281
37.02,18.98917952
37.04,18.95427294
37.06,18.93681965
37.08,18.90191307
37.1,18.88445978
37.12,18.86700649
37.14,18.8495532
37.16,18.83209991
37.18,18.81464662
37.2,18.79719333
37.22,18.77974004
37.24,18.77974004
37.26,18.76228675
37.28,18.76228675
37.3,18.76228675
37.32,18.76228675
37.34,18.76228675
37.36,18.76228675
37.38,18.76228675
37.4,18.76228675
37.42,18.76228675
37.44,18.77974004
37.46,18.77974004
37.48,18.79719333
37.5,18.81464662
37.52,18.83209991
37.54,18.83209991
37.56,18.86700649
37.58,18.88445978
37.6,18.90191307
37.62,18.91936636
37.64,18.93681965
37.66,18.97172623
37.68,18.98917952
37.7,19.0240861
37.72,19.05899268
37.74,19.07644597
37.76,19.11135255
37.78,19.14625913
37.8,19.18116571
37.82,19.21607229
37.84,19.25097887
37.86,19.30333874
37.88,19.33824532
37.9,19.3731519
37.92,19.42551177
37.94,19.46041835
37.96,19.51277822
37.98,19.5476848
38,19.60004467
38.02,19.63495125
38.04,19.68731112
38.06,19.73967099
38.08,19.79203086
38.1,19.84439073
38.12,19.8967506
38.14,19.93165718
38.16,19.98401705
38.18,20.03637692
38.2,20.08873679
38.22,20.15854995
38.24,20.21090982
38.26,20.26326969
38.28,20.31562956
38.3,20.36798943
38.32,20.4203493
38.34,20.47270917
38.36,20.52506904
38.38,20.5948822
38.4,20.64724207
38.42,20.69960194
38.44,20.75196181
38.46,20.80432168
38.48,20.87413484
38.5,20.92649471
38.52,20.97885458
38.54,21.03121445
38.56,21.08357432
38.58,21.13593419
38.6,21.20574735
38.62,21.25810722
38.64,21.31046709
38.66,21.36282696
38.68,21.41518683
38.7,21.4675467
38.72,21.51990657
38.74,21.57226644
38.76,21.62462631
38.78,21.67698618
38.8,21.71189276
38.82,21.76425263
38.84,21.8166125
38.86,21.86897237
38.88,21.90387895
38.9,21.95623882
38.92,21.9911454
38.94,22.04350527
38.96,22.07841185
38.98,22.13077172
39,22.1656783
39.02,22.20058488
39.04,22.25294475
39.06,22.28785133
39.08,22.32275791
39.1,22.35766449
39.12,22.39257107
39.14,22.42747765
39.16,22.46238423
39.18,22.47983752
39.2,22.5147441
39.22,22.54965068
39.24,22.56710397
39.26,22.60201055
39.28,22.61946384
39.3,22.63691713
39.32,22.67182371
39.34,22.689277
39.36,22.70673029
39.38,22.72418358
39.4,22.74163687
39.42,22.75909016
39.44,22.75909016
39.46,22.77654345
39.48,22.79399674
39.5,22.79399674
39.52,22.81145003
39.54,22.81145003
39.56,22.81145003
39.58,22.82890332
39.6,22.82890332
39.62,22.82890332
39.64,22.82890332
39.66,22.82890332
39.68,22.81145003
39.7,22.81145003
39.72,22.81145003
39.74,22.81145003
39.76,22.79399674
39.78,22.79399674
39.8,22.77654345
39.82,22.75909016
39.84,22.75909016
39.86,22.74163687
39.88,22.72418358
39.9,22.70673029
39.92,22.689277
39.94,22.67182371
39.96,22.65437042
39.98,22.63691713
40,22.60201055
40.02,22.58455726
40.04,22.56710397
40.06,22.53219739
40.08,22.5147441
40.1,22.47983752
40.12,22.46238423
40.14,22.42747765
40.16,22.39257107
40.18,22.35766449
40.2,22.3402112
40.22,22.30530462
40.24,22.27039804
40.26,22.23549146
40.28,22.20058488
40.3,22.1656783
40.32,22.13077172
40.34,22.09586514
40.36,22.06095856
40.38,22.00859869
40.4,21.97369211
40.42,21.93878553
40.44,21.90387895
40.46,21.85151908
40.48,21.8166125
40.5,21.78170592
40.52,21.72934605
40.54,21.69443947
40.56,21.65953289
40.58,21.60717302
40.6,21.57226644
40.62,21.51990657
40.64,21.48499999
40.66,21.45009341
40.68,21.39773354
40.7,21.36282696
40.72,21.31046709
40.74,21.27556051
40.76,21.22320064
40.78,21.18829406
40.8,21.13593419
40.82,21.10102761
40.84,21.04866774
40.86,21.01376116
40.88,20.97885458
40.9,20.92649471
40.92,20.89158813
40.94,20.85668155
40.96,20.80432168
40.98,20.7694151
41,20.73450852
41.02,20.68214865
41.04,20.64724207
41.06,20.61233549
41.08,20.57742891
41.1,20.52506904
41.12,20.49016246
41.14,20.45525588
41.16,20.4203493
41.18,20.38544272
41.2,20.35053614
41.22,20.31562956
41.24,20.28072298
41.26,20.2458164
41.28,20.21090982
41.3,20.19345653
41.32,20.15854995
41.34,20.12364337
41.36,20.08873679
41.38,20.0712835
41.4,20.03637692
41.42,20.01892363
41.44,19.98401705
41.46,19.96656376
41.48,19.94911047
41.5,19.91420389
41.52,19.8967506
41.54,19.87929731
41.56,19.86184402
41.58,19.84439073
41.6,19.82693744
41.62,19.80948415
41.64,19.79203086
41.66,19.77457757
41.68,19.75712428
41.7,19.75712428
41.72,19.73967099
41.74,19.7222177
41.76,19.7222177
41.78,19.70476441
41.8,19.70476441
41.82,19.70476441
41.84,19.68731112
41.86,19.68731112
41.88,19.68731112
41.9,19.68731112
41.92,19.68731112
41.94,19.68731112
41.96,19.68731112
41.98,19.68731112
42,19.70476441
42.02,19.70476441
42.04,19.70476441
42.06,19.7222177
42.08,19.7222177
42.1,19.7222177
42.12,19.73967099
42.14,19.75712428
42.16,19.75712428
42.18,19.77457757
42.2,19.79203086
42.22,19.79203086
42.24,19.80948415
42.26,19.82693744
42.28,19.84439073
42.3,19.86184402
42.32,19.87929731
42.34,19.8967506
42.36,19.91420389
42.38,19.93165718
42.4,19.94911047
42.42,19.98401705
42.44,20.00147034
42.46,20.01892363
42.48,20.03637692
42.5,20.0712835
42.52,20.08873679
42.54,20.12364337
42.56,20.14109666
42.58,20.15854995
42.6,20.19345653
42.62,20.21090982
42.64,20.2458164
42.66,20.28072298
42.68,20.29817627
42.7,20.33308285
42.72,20.35053614
42.74,20.38544272
42.76,20.4203493
42.78,20.43780259
42.8,20.47270917
42.82,20.50761575
42.84,20.54252233
42.86,20.55997562
42.88,20.5948822
42.9,20.62978878
42.92,20.66469536
42.94,20.68214865
42.96,20.71705523
42.98,20.75196181
43,20.78686839
43.02,20.80432168
43.04,20.83922826
43.06,20.87413484
43.08,20.90904142
43.1,20.943948
43.12,20.96140129
43.14,20.99630787
43.16,21.03121445
43.18,21.06612103
43.2,21.08357432
43.22,21.1184809
43.24,21.15338748
43.26,21.17084077
43.28,21.20574735
43.3,21.24065393
43.32,21.25810722
43.34,21.2930138
43.36,21.32792038
43.38,21.34537367
43.4,21.38028025
43.42,21.39773354
43.44,21.43264012
43.46,21.45009341
43.48,21.48499999
43.5,21.50245328
43.52,21.51990657
43.54,21.55481315
43.56,21.57226644
43.58,21.58971973
43.6,21.62462631
43.62,21.6420796
43.64,21.65953289
43.66,21.67698618
43.68,21.69443947
43.7,21.71189276
43.72,21.72934605
43.74,21.74679934
43.76,21.76425263
43.78,21.78170592
43.8,21.79915921
43.82,21.8166125
43.84,21.83406579
43.86,21.83406579
43.88,21.85151908
43.9,21.86897237
43.92,21.86897237
43.94,21.88642566
43.96,21.90387895
43.98,21.90387895
44,21.92133224
44.02,21.92133224
44.04,21.92133224
44.06,21.93878553
44.08,21.93878553
44.1,21.93878553
44.12,21.93878553
44.14,21.93878553
44.16,21.95623882
44.18,21.95623882
44.2,21.95623882
44.22,21.95623882
44.24,21.95623882
44.26,21.93878553
44.28,21.93878553
44.3,21.93878553
44.32,21.93878553
44.34,21.92133224
44.36,21.92133224
44.38,21.92133224
44.4,21.92133224
44.42,21.90387895
44.44,21.90387895
44.46,21.88642566
44.48,21.88642566
44.5,21.86897237
44.52,21.86897237
44.54,21.85151908
44.56,21.83406579
44.58,21.83406579
44.6,21.8166125
44.62,21.79915921
44.64,21.79915921
44.66,21.78170592
44.68,21.76425263
44.7,21.74679934
44.72,21.74679934
44.74,21.72934605
44.76,21.71189276
44.78,21.69443947
44.8,21.67698618
44.82,21.65953289
44.84,21.6420796
44.86,21.62462631
44.88,21.60717302
44.9,21.58971973
44.92,21.57226644
44.94,21.55481315
44.96,21.53735986
44.98,21.51990657
45,21.50245328
45.02,21.48499999
45.04,21.45009341
45.06,21.43264012
45.08,21.41518683
45.1,21.39773354
45.12,21.38028025
45.14,21.36282696
45.16,21.32792038
45.18,21.31046709
45.2,21.2930138
45.22,21.27556051
45.24,21.25810722
45.26,21.24065393
45.28,21.20574735
45.3,21.18829406
45.32,21.17084077
45.34,21.15338748
45.36,21.13593419
45.38,21.10102761
45.4,21.08357432
45.42,21.06612103
45.44,21.04866774
45.46,21.03121445
45.48,21.01376116
45.5,20.99630787
45.52,20.96140129
45.54,20.943948
45.56,20.92649471
45.58,20.90904142
45.6,20.89158813
45.62,20.87413484
45.64,20.85668155
45.66,20.83922826
45.68,20.82177497
45.7,20.80432168
45.72,20.78686839
45.74,20.7694151
45.76,20.75196181
45.78,20.73450852
45.8,20.71705523
45.82,20.69960194
45.84,20.69960194
45.86,20.68214865
45.88,20.66469536
45.9,20.64724207
45.92,20.62978878
45.94,20.62978878
45.96,20.61233549
45.98,20.5948822
46,20.57742891
46.02,20.57742891
46.04,20.55997562
46.06,20.55997562
46.08,20.54252233
46.1,20.52506904
46.12,20.52506904
46.14,20.52506904
46.16,20.50761575
46.18,20.50761575
46.2,20.49016246
46.22,20.49016246
46.24,20.49016246
46.26,20.47270917
46.28,20.47270917
46.3,20.47270917
46.32,20.47270917
46.34,20.45525588
46.36,20.45525588
46.38,20.45525588
46.4,20.45525588
46.42,20.45525588
46.44,20.45525588
46.46,20.45525588
46.48,20.45525588
46.5,20.45525588
46.52,20.45525588
46.54,20.45525588
46.56,20.47270917
46.58,20.47270917
46.6,20.47270917
46.62,20.47270917
46.64,20.47270917
46.66,20.49016246
46.68,20.49016246
46.7,20.49016246
46.72,20.49016246
46.74,20.49016246
46.76,20.50761575
46.78,20.50761575
46.8,20.50761575
46.82,20.52506904
46.84,20.52506904
46.86,20.52506904
46.88,20.54252233
46.9,20.54252233
46.92,20.54252233
46.94,20.55997562
46.96,20.55997562
46.98,20.57742891
47,20.57742891
47.02,20.5948822
47.04,20.5948822
47.06,20.61233549
47.08,20.61233549
47.1,20.62978878
47.12,20.62978878
47.14,20.64724207
47.16,20.64724207
47.18,20.66469536
47.2,20.66469536
47.22,20.68214865
47.24,20.69960194
47.26,20.69960194
47.28,20.71705523
47.3,20.71705523
47.32,20.73450852
47.34,20.73450852
47.36,20.75196181
47.38,20.7694151
47.4,20.7694151
47.42,20.78686839
47.44,20.80432168
47.46,20.80432168
47.48,20.82177497
47.5,20.82177497
47.52,20.83922826
47.54,20.85668155
47.56,20.85668155
47.58,20.87413484
47.6,20.89158813
47.62,20.89158813
47.64,20.90904142
47.66,20.90904142
47.68,20.92649471
47.7,20.943948
47.72,20.943948
47.74,20.96140129
47.76,20.97885458
47.78,20.97885458
47.8,20.99630787
47.82,20.99630787
47.84,21.01376116
47.86,21.01376116
47.88,21.03121445
47.9,21.04866774
47.92,21.04866774
47.94,21.06612103
47.96,21.06612103
47.98,21.08357432
48,21.08357432
48.02,21.10102761
48.04,21.10102761
48.06,21.1184809
48.08,21.1184809
48.1,21.13593419
48.12,21.13593419
48.14,21.15338748
48.16,21.15338748
48.18,21.17084077
48.2,21.17084077
48.22,21.17084077
48.24,21.18829406
48.26,21.18829406
48.28,21.18829406
48.3,21.20574735
48.32,21.20574735
48.34,21.20574735
48.36,21.22320064
48.38,21.22320064
48.4,21.22320064
48.42,21.22320064
48.44,21.24065393
48.46,21.24065393
48.48,21.24065393
48.5,21.24065393
48.52,21.24065393
48.54,21.25810722
48.56,21.25810722
48.58,21.25810722
48.6,21.25810722
48.62,21.25810722
48.64,21.25810722
48.66,21.25810722
48.68,21.25810722
48.7,21.25810722
48.72,21.25810722
48.74,21.25810722
48.76,21.25810722
48.78,21.25810722
48.8,21.25810722
48.82,21.25810722
48.84,21.25810722
48.86,21.25810722
48.88,21.25810722
48.9,21.24065393
48.92,21.24065393
48.94,21.24065393
48.96,21.24065393
48.98,21.24065393
49,21.24065393
49.02,21.24065393
49.04,21.24065393
49.06,21.24065393
49.08,21.24065393
49.1,21.22320064
49.12,21.22320064
49.14,21.22320064
49.16,21.22320064
49.18,21.22320064
49.2,21.22320064
49.22,21.22320064
49.24,21.22320064
49.26,21.22320064
49.28,21.22320064
49.3,21.22320064
49.32,21.22320064
49.34,21.22320064
49.36,21.22320064
49.38,21.22320064
49.4,21.22320064
49.42,21.22320064
49.44,21.22320064
49.46,21.22320064
49.48,21.22320064
49.5,21.22320064
49.52,21.22320064
49.54,21.22320064
49.56,21.22320064
49.58,21.22320064
49.6,21.22320064
49.62,21.22320064
49.64,21.22320064
49.66,21.22320064
49.68,21.22320064
49.7,21.22320064
49.72,21.22320064
49.74,21.22320064
49.76,21.22320064
49.78,21.22320064
49.8,21.22320064
49.82,21.22320064
49.84,21.22320064
49.86,21.22320064
49.88,21.22320064
49.9,21.22320064
49.92,21.22320064
49.94,21.22320064
49.96,21.22320064
49.98,21.22320064
50,21.22320064
50.02,21.22320064
50.04,21.22320064
50.06,21.22320064
50.08,21.22320064
50.1,21.22320064
50.12,21.22320064
50.14,21.22320064
50.16,21.22320064
50.18,21.22320064
50.2,21.22320064
50.22,21.22320064
50.24,21.22320064
50.26,21.22320064
50.28,21.22320064
50.3,21.22320064
50.32,21.22320064
50.34,21.22320064
50.36,21.22320064
50.38,21.22320064
50.4,21.22320064
50.42,21.22320064
50.44,21.22320064
50.46,21.22320064
50.48,21.22320064
50.5,21.22320064
50.52,21.22320064
50.54,21.22320064
50.56,21.22320064
50.58,21.22320064
50.6,21.22320064
50.62,21.22320064
50.64,21.22320064
50.66,21.22320064
50.68,21.22320064
50.7,21.22320064
50.72,21.22320064
50.74,21.22320064
50.76,21.22320064
50.78,21.22320064
50.8,21.22320064
50.82,21.22320064
50.84,21.22320064
50.86,21.22320064
50.88,21.22320064
50.9,21.22320064
50.92,21.22320064
50.94,21.22320064
50.96,21.22320064
50.98,21.22320064
51,21.22320064
51.02,21.22320064
51.04,21.22320064
51.06,21.22320064
51.08,21.22320064
51.1,21.22320064
51.12,21.22320064
51.14,21.22320064
51.16,21.22320064
51.18,21.22320064
51.2,21.22320064
51.22,21.22320064
51.24,21.22320064
51.26,21.22320064
51.28,21.22320064
51.3,21.22320064
51.32,21.22320064
51.34,21.22320064
51.36,21.22320064
51.38,21.22320064
51.4,21.22320064
51.42,21.22320064
51.44,21.22320064
51.46,21.22320064
51.48,21.22320064
51.5,21.22320064
51.52,21.22320064
51.54,21.22320064
51.56,21.22320064
51.58,21.22320064
51.6,21.22320064
51.62,21.22320064
51.64,21.22320064
51.66,21.22320064
51.68,21.22320064
51.7,21.22320064
51.72,21.22320064
51.74,21.22320064
51.76,21.22320064
51.78,21.22320064
